INSERT INTO TB_AUTHORITY (NAME, CREATED_BY, LAST_MODIFIED_BY) VALUES ('ROLE_ADMIN', 'SYSTEM', 'SYSTEM');
INSERT INTO TB_AUTHORITY (NAME, CREATED_BY, LAST_MODIFIED_BY) VALUES ('ROLE_USER', 'SYSTEM', 'SYSTEM');

INSERT INTO TB_PERMISSIONS (ID, NAME, CREATED_BY, LAST_MODIFIED_BY) VALUES (1L, '功能一', 'SYSTEM', 'SYSTEM');
INSERT INTO TB_PERMISSIONS (ID, NAME, CREATED_BY, LAST_MODIFIED_BY) VALUES (2L, '功能二', 'SYSTEM', 'SYSTEM');
INSERT INTO TB_PERMISSIONS (ID, NAME, CREATED_BY, LAST_MODIFIED_BY) VALUES (3L, '功能三', 'SYSTEM', 'SYSTEM');
INSERT INTO TB_PERMISSIONS (ID, NAME, CREATED_BY, LAST_MODIFIED_BY) VALUES (4L, '功能四', 'SYSTEM', 'SYSTEM');

INSERT INTO TB_USER (ID, USERNAME, PASSWORD, CREATED_BY, LAST_MODIFIED_BY) VALUES (1L, 'system', '123456', 'SYSTEM', 'SYSTEM');
INSERT INTO TB_USER (ID, USERNAME, PASSWORD, CREATED_BY, LAST_MODIFIED_BY) VALUES (2L, 'admin', '123456', 'SYSTEM', 'SYSTEM');
INSERT INTO TB_USER (ID, USERNAME, PASSWORD, CREATED_BY, LAST_MODIFIED_BY) VALUES (3L, 'user', '123456', 'SYSTEM', 'SYSTEM');

INSERT INTO TB_PERMISSIONS_AUTHORITY (PERMISSIONS_ID, AUTHORITY_NAME) VALUES (1L, 'ROLE_ADMIN');
INSERT INTO TB_PERMISSIONS_AUTHORITY (PERMISSIONS_ID, AUTHORITY_NAME) VALUES (2L, 'ROLE_ADMIN');
INSERT INTO TB_PERMISSIONS_AUTHORITY (PERMISSIONS_ID, AUTHORITY_NAME) VALUES (3L, 'ROLE_ADMIN');
INSERT INTO TB_PERMISSIONS_AUTHORITY (PERMISSIONS_ID, AUTHORITY_NAME) VALUES (3L, 'ROLE_USER');
INSERT INTO TB_PERMISSIONS_AUTHORITY (PERMISSIONS_ID, AUTHORITY_NAME) VALUES (4L, 'ROLE_USER');

INSERT INTO TB_USER_AUTHORITY (USER_ID, AUTHORITY_NAME) VALUES (1L, 'ROLE_ADMIN');
INSERT INTO TB_USER_AUTHORITY (USER_ID, AUTHORITY_NAME) VALUES (1L, 'ROLE_USER');
INSERT INTO TB_USER_AUTHORITY (USER_ID, AUTHORITY_NAME) VALUES (2L, 'ROLE_ADMIN');
INSERT INTO TB_USER_AUTHORITY (USER_ID, AUTHORITY_NAME) VALUES (3L, 'ROLE_USER');
