INSERT INTO TB_ROLE (NAME, CREATED_BY, LAST_MODIFIED_BY) VALUES ('ROLE_ADMIN', 'SYSTEM', 'SYSTEM');
INSERT INTO TB_ROLE (NAME, CREATED_BY, LAST_MODIFIED_BY) VALUES ('ROLE_USER', 'SYSTEM', 'SYSTEM');

INSERT INTO TB_PERMISSIONS (ID, NAME, CREATED_BY, LAST_MODIFIED_BY) VALUES ('1', '功能一', 'SYSTEM', 'SYSTEM');
INSERT INTO TB_PERMISSIONS (ID, NAME, CREATED_BY, LAST_MODIFIED_BY) VALUES ('2', '功能二', 'SYSTEM', 'SYSTEM');
INSERT INTO TB_PERMISSIONS (ID, NAME, CREATED_BY, LAST_MODIFIED_BY) VALUES ('3', '功能三', 'SYSTEM', 'SYSTEM');
INSERT INTO TB_PERMISSIONS (ID, NAME, CREATED_BY, LAST_MODIFIED_BY) VALUES ('4', '功能四', 'SYSTEM', 'SYSTEM');

INSERT INTO TB_USER (ID, USERNAME, PASSWORD, CREATED_BY, LAST_MODIFIED_BY) VALUES ('1', 'administrator', '123456', 'SYSTEM', 'SYSTEM');
INSERT INTO TB_USER (ID, USERNAME, PASSWORD, CREATED_BY, LAST_MODIFIED_BY) VALUES ('2', 'admin', '123456', 'SYSTEM', 'SYSTEM');
INSERT INTO TB_USER (ID, USERNAME, PASSWORD, CREATED_BY, LAST_MODIFIED_BY) VALUES ('3', 'user', '123456', 'SYSTEM', 'SYSTEM');

INSERT INTO TB_PERMISSIONS_ROLE (PERMISSIONS_ID, ROLE_NAME) VALUES ('1', 'ROLE_ADMIN');
INSERT INTO TB_PERMISSIONS_ROLE (PERMISSIONS_ID, ROLE_NAME) VALUES ('2', 'ROLE_ADMIN');
INSERT INTO TB_PERMISSIONS_ROLE (PERMISSIONS_ID, ROLE_NAME) VALUES ('3', 'ROLE_ADMIN');
INSERT INTO TB_PERMISSIONS_ROLE (PERMISSIONS_ID, ROLE_NAME) VALUES ('3', 'ROLE_USER');
INSERT INTO TB_PERMISSIONS_ROLE (PERMISSIONS_ID, ROLE_NAME) VALUES ('4', 'ROLE_USER');

INSERT INTO TB_USER_ROLE (USER_ID, ROLE_NAME) VALUES ('1', 'ROLE_ADMIN');
INSERT INTO TB_USER_ROLE (USER_ID, ROLE_NAME) VALUES ('1', 'ROLE_USER');
INSERT INTO TB_USER_ROLE (USER_ID, ROLE_NAME) VALUES ('2', 'ROLE_ADMIN');
INSERT INTO TB_USER_ROLE (USER_ID, ROLE_NAME) VALUES ('3', 'ROLE_USER');
